01.01.2025	09:00	#OnThisDay Von Jean Paul an Renate Otto. Bayreuth, 1. Januar 1821. Zum #Brief in der #JeanPaulEdition: https://www.jeanpaul-edition.de/brief.html?num=VIII_138 #JeanPaulToday	https://github.com/FrederikeNeuber/jeanpaultoday/blob/main/mastodon_2024/flashcards/VIII_138.png	Bild mit nachgeahmtem Post von Jean Paul im Mastodon-Stil, auf dem der Brieftext lautet: An Sie, gute liebe Renate, schreib’ ich den ersten Brief dieses Jahres, das, wie dessen Vorgänger, mir unaufhörlich die Brieffelleisen zum Leeren und zum Füllen vorhalten wird; und anstatt Ihnen Wünsche zu bringen, will ich vielmehr die Ihrigen so gut ich kann, der Er...
02.01.2025	09:00	#OnThisDay Von Jean Paul an Emanuel. Bayreuth, 2. Januar 1811. Zum #Brief in der #JeanPaulEdition: https://www.jeanpaul-edition.de/brief.html?num=VI_423 #JeanPaulToday	https://github.com/FrederikeNeuber/jeanpaultoday/blob/main/mastodon_2024/flashcards/VI_423.png	Bild mit nachgeahmtem Post von Jean Paul im Mastodon-Stil, auf dem der Brieftext lautet: Guten Morgen, Freund im neuen Jahre! Die Broschüre gefällt mir in so fern sehr als mir alles gefällt, was den Regenhimmel dieser Zeit nicht zu einem Gewitterhimmel anschwärzt. Indeßen wärs mir doch lieber, wenn es viel gründlicher wäre...... So weit hab ich am Morg...
03.01.2025	09:00	#OnThisDay Von Jean Paul an Emanuel. Bayreuth, 3. Januar 1811. Zum #Brief in der #JeanPaulEdition: https://www.jeanpaul-edition.de/brief.html?num=VI_424 #JeanPaulToday	https://github.com/FrederikeNeuber/jeanpaultoday/blob/main/mastodon_2024/flashcards/VI_424.png	Bild mit nachgeahmtem Post von Jean Paul im Mastodon-Stil, auf dem der Brieftext lautet: Guten Morgen, lieber Emanuel! Hier die Scheine und das Buch. — C[aroline] grüßt Sie schon wieder; und ist wahrscheinlich schon in Berlin. — Ich hatte ihr geschrieben, sie sollte im nöthigen Falle Geld borgen; ich würd’ es hier z. B. durch H. Enzel bezahlen lassen. ...
04.01.2025	09:00	#OnThisDay Von Jean Paul an Emanuel Osmund. Bayreuth, 4. Januar 1816. Zum #Brief in der #JeanPaulEdition: https://www.jeanpaul-edition.de/brief.html?num=VII_145 #JeanPaulToday	https://github.com/FrederikeNeuber/jeanpaultoday/blob/main/mastodon_2024/flashcards/VII_145.png	Bild mit nachgeahmtem Post von Jean Paul im Mastodon-Stil, auf dem der Brieftext lautet: Guten Morgen, Nachbar der Gasse, des Herzens und der Gedanken! Denn ich meine eben das Verleihen. Hier 1000 fl. auf ½ Jahr. — Ihre über die Liebe sind witzig und treffend.
05.01.2025	09:00	#OnThisDay Von Jean Paul an Emanuel Osmund. Bayreuth, 5. Januar 1815. Zum #Brief in der #JeanPaulEdition: https://www.jeanpaul-edition.de/brief.html?num=VII_5 #JeanPaulToday	https://github.com/FrederikeNeuber/jeanpaultoday/blob/main/mastodon_2024/flashcards/VII_5.png	Bild mit nachgeahmtem Post von Jean Paul im Mastodon-Stil, auf dem der Brieftext lautet: Guten Morgen, Geliebter! Ich habe gestern etwas bei Ihnen verloren, was Sie nie verlieren werden, weil Sie es nie gebrauchen werden — meine Brille. Aber das Andenken an den sprach- und freudenreichen Abend, der immer schneller zu fliegen schien, je länger er flog, ...
06.01.2025	09:00	#OnThisDay Von Jean Paul an Amöne Herold. Weimar, 6. Januar 1799. Zum #Brief in der #JeanPaulEdition: https://www.jeanpaul-edition.de/brief.html?num=III_190 #JeanPaulToday	https://github.com/FrederikeNeuber/jeanpaultoday/blob/main/mastodon_2024/flashcards/III_190.png	Bild mit nachgeahmtem Post von Jean Paul im Mastodon-Stil, auf dem der Brieftext lautet: Gute Amöne! Wo ist Ihre Stimme? Ich suche sie lange wie die Töne des Frühlings. — Das neue Jahr bringt mich euch allen um Meilen und Monde näher; denn in diesem sehen wir uns ja alle wieder. In diesem Jahr werden Sie auch die Fr. v. Kalb sehen, die Sie und Emanuel unen...
07.01.2025	09:00	#OnThisDay Von Jean Paul an Charlotte von Kalb. Weimar, 7. Januar 1799. Zum #Brief in der #JeanPaulEdition: https://www.jeanpaul-edition.de/brief.html?num=III_192 #JeanPaulToday	https://github.com/FrederikeNeuber/jeanpaultoday/blob/main/mastodon_2024/flashcards/III_192.png	Bild mit nachgeahmtem Post von Jean Paul im Mastodon-Stil, auf dem der Brieftext lautet: Die Abendröthe des gestrigen Abends verbleicht nicht, ich sehe in ihr mit goldnen Worten geschrieben: sie ist am schönsten, wenn sie am sanftesten ist.
08.01.2025	09:00	#OnThisDay Von Jean Paul an Emanuel. Bayreuth, 8. Januar 1811. Zum #Brief in der #JeanPaulEdition: https://www.jeanpaul-edition.de/brief.html?num=VI_438 #JeanPaulToday	https://github.com/FrederikeNeuber/jeanpaultoday/blob/main/mastodon_2024/flashcards/VI_438.png	Bild mit nachgeahmtem Post von Jean Paul im Mastodon-Stil, auf dem der Brieftext lautet: Guten Morgen, mein Emanuel! Ein solcher Abschreiber ist mir noch nicht vorgekommen, der statt einiger Fehler — gar keinen macht; was nicht einmal meine Frau vermag, die doch meine Hand (zumal da ich ihr sie am Altare gegeben) so lange kennt. Ich werde H. Welzel jed...
09.01.2025	09:00	#OnThisDay Von Jean Paul an Emanuel. Bayreuth, 9. Januar 1807. Zum #Brief in der #JeanPaulEdition: https://www.jeanpaul-edition.de/brief.html?num=V_300 #JeanPaulToday	https://github.com/FrederikeNeuber/jeanpaultoday/blob/main/mastodon_2024/flashcards/V_300.png	Bild mit nachgeahmtem Post von Jean Paul im Mastodon-Stil, auf dem der Brieftext lautet: Guten Abend nach langer Zeit! So geht alles schon Recht; tadeln Sie nur fort. So bald Sie seine Geige nicht antasten: bietet er Ihnen alles zum Strafen an. — Ich bitte Sie auf Morgen um das Morgenblatt, um die Druckfehler abzuschicken.R. N. S. Sehen Sie doch diese ...
10.01.2025	09:00	#OnThisDay Von Jean Paul an Johann Siegfried Wilhelm Mayer. Bayreuth, 10. Januar 1818. Zum #Brief in der #JeanPaulEdition: https://www.jeanpaul-edition.de/brief.html?num=VII_367 #JeanPaulToday	https://github.com/FrederikeNeuber/jeanpaultoday/blob/main/mastodon_2024/flashcards/VII_367.png	Bild mit nachgeahmtem Post von Jean Paul im Mastodon-Stil, auf dem der Brieftext lautet: Verehrtester Herr Vater! Zum wärmsten Wunsche für Ihr neues Jahr bring’ ich noch den herzlichsten Dank für das alte, in welchem Sie meine Bitte um das Einholen ärztlicher Rathgebungen unter so wichtigen Geschäften mit Ihrer gewöhnlichen Pünktlichkeit ...
11.01.2025	09:00	#OnThisDay Von Jean Paul an Charlotte von Kalb. Bayreuth, 11. Januar 1806. Zum #Brief in der #JeanPaulEdition: https://www.jeanpaul-edition.de/brief.html?num=V_185 #JeanPaulToday	https://github.com/FrederikeNeuber/jeanpaultoday/blob/main/mastodon_2024/flashcards/V_185.png	Bild mit nachgeahmtem Post von Jean Paul im Mastodon-Stil, auf dem der Brieftext lautet: [Könnte Ihre freigebende Natur zürnen, so würde mir das Versöhnen für ein so langes Schweigen schwer, obgleich dieß nur ein äußeres, kein inneres war. Das Wichtige im Leben kam immer von Erinnerung an Sie begleitet zu mir.] Leider ist jetzt fast nichts mehr wich...
12.01.2025	09:00	#OnThisDay Von Jean Paul an Christian Otto. Bayreuth, 12. Januar 1810. Zum #Brief in der #JeanPaulEdition: https://www.jeanpaul-edition.de/brief.html?num=VI_222 #JeanPaulToday	https://github.com/FrederikeNeuber/jeanpaultoday/blob/main/mastodon_2024/flashcards/VI_222.png	Bild mit nachgeahmtem Post von Jean Paul im Mastodon-Stil, auf dem der Brieftext lautet: Guten Morgen, Alter! Ich zweifle, daß du in den Wunsch der Berlepsch eingehst; wiewol er wahrscheinlich nicht ganz gegen die Wünsche Amoenens sein wird. Jene ersetzte dieser ein wenig das getödtete Journalistikum. Wenn ich mit dir spreche, wirst du mir überhau...
13.01.2025	09:00	#OnThisDay Von Jean Paul an Georg Joachim Göschen. Hof, 13. Januar 1791. Zum #Brief in der #JeanPaulEdition: https://www.jeanpaul-edition.de/brief.html?num=I_355 #JeanPaulToday	https://github.com/FrederikeNeuber/jeanpaultoday/blob/main/mastodon_2024/flashcards/I_355.png	Bild mit nachgeahmtem Post von Jean Paul im Mastodon-Stil, auf dem der Brieftext lautet: p. p. Es wird einerlei sein, ob ich mich an Sie oder an den schottischen Meister aller schönen Künste mit der Bitte wende, der Thalia diesen Aufsaz zu geben, wenn sie anders neben ihre Vignetten und Altarblätter Schliesquadrätgen stellen mag. Mir ists darum n...
14.01.2025	09:00	#OnThisDay Von Jean Paul an Caroline Richter. Berlin, 14. Januar 1801. Zum #Brief in der #JeanPaulEdition: https://www.jeanpaul-edition.de/brief.html?num=IV_70 #JeanPaulToday	https://github.com/FrederikeNeuber/jeanpaultoday/blob/main/mastodon_2024/flashcards/IV_70.png	Bild mit nachgeahmtem Post von Jean Paul im Mastodon-Stil, auf dem der Brieftext lautet: Meine Herliche, wenn es so ist, so kan mein Herz nicht anders als daß es dich heute wenigstens von 6 bis 7½ Uhr sieht. Bleibe! Ich sehne mich zu sehr, zumal da mir der morgende Abend gestohlen ist. — Bleibe! Adieu, Geliebte! Zwei Briefträgerinnen sehen diesem zu.
15.01.2025	09:00	#OnThisDay Von Jean Paul an Christian Otto. Bayreuth, 15. Januar 1809. Zum #Brief in der #JeanPaulEdition: https://www.jeanpaul-edition.de/brief.html?num=VI_9 #JeanPaulToday	https://github.com/FrederikeNeuber/jeanpaultoday/blob/main/mastodon_2024/flashcards/VI_9.png	Bild mit nachgeahmtem Post von Jean Paul im Mastodon-Stil, auf dem der Brieftext lautet: Guten Morgen! Bei dir — und bei Emanuel — spitzte ich mich zuweilen auf Dank, wo ich nachher froh sein mußte, mit der bloßen Nachsicht wegzukommen. An Golz schrieb ich, er möchte den Prinzen an deine Kräfte erinnern, mit dem Beisatze, daß ich dieß ohne dein Wi...
16.01.2025	09:00	#OnThisDay Von Jean Paul an Georg Andreas Reimer. Bayreuth, 16. Januar 1819. Zum #Brief in der #JeanPaulEdition: https://www.jeanpaul-edition.de/brief.html?num=VII_496 #JeanPaulToday	https://github.com/FrederikeNeuber/jeanpaultoday/blob/main/mastodon_2024/flashcards/VII_496.png	Bild mit nachgeahmtem Post von Jean Paul im Mastodon-Stil, auf dem der Brieftext lautet: Vorgestern bracht’ ich den zweiten Band zu Ende, weil ich gewiß für heute, am Tage der fahrenden Post Ihre Antwort erwarten konnte, für deren Liebe und Bestimmtheit ich Ihnen recht herzlich danke, lieber Reimer. Zur Ostermesse sollen die 2 letzten Bände folgen...
17.01.2025	09:00	#OnThisDay Von Jean Paul an Buchhandlung Metzler. Bayreuth, 17. Januar 1823. Zum #Brief in der #JeanPaulEdition: https://www.jeanpaul-edition.de/brief.html?num=VIII_355 #JeanPaulToday	https://github.com/FrederikeNeuber/jeanpaultoday/blob/main/mastodon_2024/flashcards/VIII_355.png	Bild mit nachgeahmtem Post von Jean Paul im Mastodon-Stil, auf dem der Brieftext lautet: ... die letzten Worte eines Freundes, dessen Vorausgang einen Todes Schatten auf meine alten Jahre wirft.
18.01.2025	09:00	#OnThisDay Von Jean Paul an Emanuel. Bayreuth, 18. Januar 1809. Zum #Brief in der #JeanPaulEdition: https://www.jeanpaul-edition.de/brief.html?num=VI_14 #JeanPaulToday	https://github.com/FrederikeNeuber/jeanpaultoday/blob/main/mastodon_2024/flashcards/VI_14.png	Bild mit nachgeahmtem Post von Jean Paul im Mastodon-Stil, auf dem der Brieftext lautet: Guten Abend, lieber Alter! Eigentlich hab’ ich außer dem Danke für Ihr schönes Blatt wenig mehr auf dem meinigen zu sagen als: der Brief der Unbekannten werde ohne Weiteres bekannt gemacht, sogar mit dem Beisatze, daß sie, diese holde Predigerin, mich zum Friedensp...
19.01.2025	09:00	#OnThisDay Von Jean Paul an Christian Otto. Schwarzenbach a. d. Saale, 19. Januar 1791. Zum #Brief in der #JeanPaulEdition: https://www.jeanpaul-edition.de/brief.html?num=I_356 #JeanPaulToday	https://github.com/FrederikeNeuber/jeanpaultoday/blob/main/mastodon_2024/flashcards/I_356.png	Bild mit nachgeahmtem Post von Jean Paul im Mastodon-Stil, auf dem der Brieftext lautet: Ob ich gleich vorhatte, den Schiller nur zu meinem Vergnügen zu lesen: so war er doch, oder eben deswegen in ein Paar Tagen zu Ende und es war mir als säh’ ich meinen Pylad beim Herold Hut und Stok nehmen. In der Blumenlese ist nichts schlechtes und nichts Mni...
20.01.2025	09:00	#OnThisDay Von Jean Paul an Dorothea Elisabeth Feind. Weimar, 20. Januar 1800. Zum #Brief in der #JeanPaulEdition: https://www.jeanpaul-edition.de/brief.html?num=III_386 #JeanPaulToday	https://github.com/FrederikeNeuber/jeanpaultoday/blob/main/mastodon_2024/flashcards/III_386.png	Bild mit nachgeahmtem Post von Jean Paul im Mastodon-Stil, auf dem der Brieftext lautet: Vielen Dank für das Geld; hier das Couvert ist das Geldeswerth zurük. Dreizehn Millionen Briefe hab’ ich heute abzufertigen; und dieser ist erst der fünftausendste. — Nach Leipzig komm’ ich auf dem Weg nach Berlin; aber nach einem neuen Plane erst in der O...
21.01.2025	09:00	#OnThisDay Von Jean Paul an Christian Otto. Bayreuth, 21. Januar 1811. Zum #Brief in der #JeanPaulEdition: https://www.jeanpaul-edition.de/brief.html?num=VI_445 #JeanPaulToday	https://github.com/FrederikeNeuber/jeanpaultoday/blob/main/mastodon_2024/flashcards/VI_445.png	Bild mit nachgeahmtem Post von Jean Paul im Mastodon-Stil, auf dem der Brieftext lautet: Guten Morgen, Alter! Hier geb’ ich dir den nach fremdem Rathe geänderten Aufsatz, der heute abgeht. — Perthes ist doch zu hypochondrisch und zu bedenklich zugleich. Freilich lieber den Schlag des Kriegs als die Baitze eines solchen Friedens. Auch mir gehen die...
22.01.2025	09:00	#OnThisDay Von Jean Paul an Emanuel Osmund. Bayreuth, 22. Januar 1816. Zum #Brief in der #JeanPaulEdition: https://www.jeanpaul-edition.de/brief.html?num=VII_151 #JeanPaulToday	https://github.com/FrederikeNeuber/jeanpaultoday/blob/main/mastodon_2024/flashcards/VII_151.png	Bild mit nachgeahmtem Post von Jean Paul im Mastodon-Stil, auf dem der Brieftext lautet: Guten Morgen, mein beglückter Beglückender! Es ist zweimal schön und selten, ein solches Testament vorzuschlagen und es zu genehmigen. Trefflich sind N. 4. 5. 6. 1. 8. 9. Nur den Art. 10 versteh ich nicht ganz. — Meiner ganzen Familie hat die Nacht so gut bekommen ...
23.01.2025	09:00	#OnThisDay Von Jean Paul an Emanuel. Bayreuth, 23. Januar 1807. Zum #Brief in der #JeanPaulEdition: https://www.jeanpaul-edition.de/brief.html?num=V_312 #JeanPaulToday	https://github.com/FrederikeNeuber/jeanpaultoday/blob/main/mastodon_2024/flashcards/V_312.png	Bild mit nachgeahmtem Post von Jean Paul im Mastodon-Stil, auf dem der Brieftext lautet: Auf dem Papier könnt’ ich freilich zu Wort kommen — und daher lass’ ich eben drucken. Gegen das Mistrauen hab’ ich blos, daß man so etwas Häßliches als eine Lüge gar nicht zum 2tenmal vorauszusetzen scheinen darf. Auch wollen Kant und andere [?] völliges Nichtglaub...
24.01.2025	09:00	#OnThisDay Von Jean Paul an Aloys Schmitt. Bayreuth, 24. Januar 1824. Zum #Brief in der #JeanPaulEdition: https://www.jeanpaul-edition.de/brief.html?num=VIII_416 #JeanPaulToday	https://github.com/FrederikeNeuber/jeanpaultoday/blob/main/mastodon_2024/flashcards/VIII_416.png	Bild mit nachgeahmtem Post von Jean Paul im Mastodon-Stil, auf dem der Brieftext lautet: Verzeihen Sie meinen späten Dank für Ihr reiches, wiewol etwas schweres Tonkunstwerk — seine geistig-musikalische Begleitung (die Frau)
25.01.2025	09:00	#OnThisDay Von Jean Paul an Johann Arnold Kanne. Bayreuth, 25. Januar 1806. Zum #Brief in der #JeanPaulEdition: https://www.jeanpaul-edition.de/brief.html?num=V_189 #JeanPaulToday	https://github.com/FrederikeNeuber/jeanpaultoday/blob/main/mastodon_2024/flashcards/V_189.png	Bild mit nachgeahmtem Post von Jean Paul im Mastodon-Stil, auf dem der Brieftext lautet: — seinen Werth mit der ganzen Stärke meines litterarischen Athems verkünden. — wiewol das so ausgegrabne und aufgedeckte Alterthum dann ein langweiliges dürftiges Kalenderblatt auf alle Tage wird. — Haben Sie Unrecht: so hat man außer dem Genuß des Witzes, den ...
26.01.2025	09:00	#OnThisDay Von Jean Paul an Emanuel. Bayreuth, 26. Januar 1809. Zum #Brief in der #JeanPaulEdition: https://www.jeanpaul-edition.de/brief.html?num=VI_20 #JeanPaulToday	https://github.com/FrederikeNeuber/jeanpaultoday/blob/main/mastodon_2024/flashcards/VI_20.png	Bild mit nachgeahmtem Post von Jean Paul im Mastodon-Stil, auf dem der Brieftext lautet: Dank, Freund, für ein Lob des Witzes, das selber sein eignes ist und am andern sich meinen darf. Doch red’ ich nicht von Spitzbüberei. — Apropos! kann mir denn Ihr Weich nicht für Geld und gute Worte etwan 20 Fliegen für meine armen Laubfrösche in beifolgendem Glas...
27.01.2025	09:00	#OnThisDay Von Jean Paul an Charlotte von Kalb. Weimar, 27. Januar 1799. Zum #Brief in der #JeanPaulEdition: https://www.jeanpaul-edition.de/brief.html?num=III_195 #JeanPaulToday	https://github.com/FrederikeNeuber/jeanpaultoday/blob/main/mastodon_2024/flashcards/III_195.png	Bild mit nachgeahmtem Post von Jean Paul im Mastodon-Stil, auf dem der Brieftext lautet: Die Gesundheit komt wieder, wenn ich die Freude ins Vorzimmer schicke. Aber bei dir sei sie überal und immer neben deinem Herzen und in diesem.
28.01.2025	09:00	#OnThisDay Von Jean Paul an Emanuel. Bayreuth, 28. Januar 1809. Zum #Brief in der #JeanPaulEdition: https://www.jeanpaul-edition.de/brief.html?num=VI_22 #JeanPaulToday	https://github.com/FrederikeNeuber/jeanpaultoday/blob/main/mastodon_2024/flashcards/VI_22.png	Bild mit nachgeahmtem Post von Jean Paul im Mastodon-Stil, auf dem der Brieftext lautet: Dank, mein alter Witz-Kopf! Leider hör’ ich selten in Bayreuth einen Einfall (wie Ausfall) als der von Ihnen kommt. Fallen Sie nur so fort ein und aus. N. S. Brauchten Sie eben einen Wechsel von 400 fl. rh. auf Frankfurt: ich könnte dienen; im andern [Fall] bekomme...
29.01.2025	09:00	#OnThisDay Von Jean Paul an Johann Samuel Völkel. Hof, 29. Januar 1786. Zum #Brief in der #JeanPaulEdition: https://www.jeanpaul-edition.de/brief.html?num=I_144 #JeanPaulToday	https://github.com/FrederikeNeuber/jeanpaultoday/blob/main/mastodon_2024/flashcards/I_144.png	Bild mit nachgeahmtem Post von Jean Paul im Mastodon-Stil, auf dem der Brieftext lautet: Der Brief ist klein und das Couvert ist gros; wahrhaftig so ist es alzeit im menschlichen Leben und nichts ist an uns so gros als die Schale.. Den Jerusalem hab’ ich schneller durchgelesen als es sein Werth und besonders einige Predigten des zweiten Theiles ve...
30.01.2025	09:00	#OnThisDay Von Jean Paul an Emanuel. Bayreuth, 30. Januar 1811. Zum #Brief in der #JeanPaulEdition: https://www.jeanpaul-edition.de/brief.html?num=VI_450 #JeanPaulToday	https://github.com/FrederikeNeuber/jeanpaultoday/blob/main/mastodon_2024/flashcards/VI_450.png	Bild mit nachgeahmtem Post von Jean Paul im Mastodon-Stil, auf dem der Brieftext lautet: Guten Morgen, mein Emanuel! Eva’s Anmerkungen sind oft vortrefflich; nur möcht ich’ wissen, wie Th[ieriot] zu ihnen gekommen. Überall offenbart sich eine schöne Seele. Ich werde an ihn schreiben. — Nikolai ist jetzt durch sein Grab gegen mich gedeckt; denn dieses d...
31.01.2025	09:00	#OnThisDay Von Jean Paul an Emanuel. Hof, 31. Januar 96. Zum #Brief in der #JeanPaulEdition: https://www.jeanpaul-edition.de/brief.html?num=II_226 #JeanPaulToday	https://github.com/FrederikeNeuber/jeanpaultoday/blob/main/mastodon_2024/flashcards/II_226.png	Bild mit nachgeahmtem Post von Jean Paul im Mastodon-Stil, auf dem der Brieftext lautet: Mein Guter, Meine Feder sol heute ein Flügel sein, waraus sie genommen ist, weil ich wenig Zeit habe, um Ihnen zu melden, 1) daß Otto Sie um die Akten ersucht, 2) und daß er in Bayreuth für jeden Termin leicht einen Chargé d’affaire auftreibt. Über Ihre Eiligkeit u...
01.02.2025	09:00	#OnThisDay Von Jean Paul an Johann Adam Lorenz von Oerthel. Hof, 1. Februar 1785. Zum #Brief in der #JeanPaulEdition: https://www.jeanpaul-edition.de/brief.html?num=I_90 #JeanPaulToday	https://github.com/FrederikeNeuber/jeanpaultoday/blob/main/mastodon_2024/flashcards/I_90.png	Bild mit nachgeahmtem Post von Jean Paul im Mastodon-Stil, auf dem der Brieftext lautet: Mein Örthel, Ich habe mir vorgenommen, wenn du tod bist und ich nicht, deine Briefe an mich zum Drukke zu befödern: ich dürfte sie sogar, fals ich keinen Verleger dazu fände, auf meine eigne Kosten drukken lassen. Eine kleine Vorrede würd’ ich ihnen vo...
02.02.2025	09:00	#OnThisDay Von Jean Paul an Christian Otto. Bayreuth, 2. Februar 1809. Zum #Brief in der #JeanPaulEdition: https://www.jeanpaul-edition.de/brief.html?num=VI_27 #JeanPaulToday	https://github.com/FrederikeNeuber/jeanpaultoday/blob/main/mastodon_2024/flashcards/VI_27.png	Bild mit nachgeahmtem Post von Jean Paul im Mastodon-Stil, auf dem der Brieftext lautet: Lieber Otto! Hier send’ ich dir als einer Oberrechnungskammer Enzels Rechnung zur Ratifikazion. In die kaufmännischen Stellungen find’ ich mich nicht recht. Die beiden letzten Summen (56 rtl. pr. und 35 fl. Konv. Geld) ließ ich mir eigentlich auf den Frankfurt...
03.02.2025	09:00	#OnThisDay Von Jean Paul an Emanuel Osmund. Bayreuth, 3. Februar 1822. Zum #Brief in der #JeanPaulEdition: https://www.jeanpaul-edition.de/brief.html?num=VIII_243 #JeanPaulToday	https://github.com/FrederikeNeuber/jeanpaultoday/blob/main/mastodon_2024/flashcards/VIII_243.png	Bild mit nachgeahmtem Post von Jean Paul im Mastodon-Stil, auf dem der Brieftext lautet: Guten Abend, mein guter Emanuel! Sie erfüllen meinen Wunsch einzelner Zeitungen auf eine so großmüthige Weise, daß es ja am Ende so viel ist als les’ ich mit; — dieß darf aber nicht sein. Auch Sie, Guter, müssen zwischen die bunten Tagblätter immer ein rechtes dick...
04.02.2025	09:00	#OnThisDay Von Jean Paul an Erhard Friedrich Vogel. Hof, 4. Februar 1785. Zum #Brief in der #JeanPaulEdition: https://www.jeanpaul-edition.de/brief.html?num=I_91 #JeanPaulToday	https://github.com/FrederikeNeuber/jeanpaultoday/blob/main/mastodon_2024/flashcards/I_91.png	Bild mit nachgeahmtem Post von Jean Paul im Mastodon-Stil, auf dem der Brieftext lautet: P. P. Zwar noch nicht, aber längstens am Donnerstage der künftigen Woche bekommen Sie die Abhandlung über die Vielheit der Religionen; denn sie ist nun schon unter Weges. Wäre also auch Ihr Buch schon zum Verleger fortgeschikt: so könten Sie doch immer noch ...
05.02.2025	09:00	#OnThisDay Von Jean Paul an Emanuel Osmund. Bayreuth, 5. Februar 1819. Zum #Brief in der #JeanPaulEdition: https://www.jeanpaul-edition.de/brief.html?num=VII_506 #JeanPaulToday	https://github.com/FrederikeNeuber/jeanpaultoday/blob/main/mastodon_2024/flashcards/VII_506.png	Bild mit nachgeahmtem Post von Jean Paul im Mastodon-Stil, auf dem der Brieftext lautet: Guten Morgen, mein guter Emanuel! Hier send’ ich Ihnen sogleich den schönen Brief der verwaiseten Tochter. Wie kann man aber ein weinendes Herz mit einer so zierlichen Hand ausdrücken? — Ich habe in der Lotterie nichts gewonnen als den Vorsatz, kein Lotterie-Schaf ...
06.02.2025	09:00	#OnThisDay Von Jean Paul an Johann Adam Lorenz von Oerthel. Hof, 6. Februar 1786. Zum #Brief in der #JeanPaulEdition: https://www.jeanpaul-edition.de/brief.html?num=I_147 #JeanPaulToday	https://github.com/FrederikeNeuber/jeanpaultoday/blob/main/mastodon_2024/flashcards/I_147.png	Bild mit nachgeahmtem Post von Jean Paul im Mastodon-Stil, auf dem der Brieftext lautet: Lieber Oerthel! Bist du es aber noch? Denn du schweigest einmal wieder und überlässest, in deine geistigen Wollüste vertieft, deinen Körper einer zögernden Trägheit: daher lässet es sich gut erklären, warum du gar nicht im Stande bist, deine Hände so l...
07.02.2025	09:00	#OnThisDay Von Jean Paul an Johann Bernhard Hermann. Töpen bei Hof, 7. Februar 1788. Zum #Brief in der #JeanPaulEdition: https://www.jeanpaul-edition.de/brief.html?num=I_210 #JeanPaulToday	https://github.com/FrederikeNeuber/jeanpaultoday/blob/main/mastodon_2024/flashcards/I_210.png	Bild mit nachgeahmtem Post von Jean Paul im Mastodon-Stil, auf dem der Brieftext lautet: Da dein Versprechen ein Dilemma ist — (da ich nicht weis, ob ich meinen Sabbatherweg mache) — Die Juden haben 3 Vorzüge [1)] eine edle Bildung, die Scharfsin weissagt 2) den geweissagten Scharfsin selbst 3) und die Seelenstärke mitten unter dem Geschrei der...
08.02.2025	09:00	#OnThisDay Von Jean Paul an Luise Henriette von Schuckmann. Hof, 8. Februar 1797. Zum #Brief in der #JeanPaulEdition: https://www.jeanpaul-edition.de/brief.html?num=II_527 #JeanPaulToday	https://github.com/FrederikeNeuber/jeanpaultoday/blob/main/mastodon_2024/flashcards/II_527.png	Bild mit nachgeahmtem Post von Jean Paul im Mastodon-Stil, auf dem der Brieftext lautet: Sie sind meine chirographische Schuldnerin, ich bitte darum auf kein Moratorium zu rechnen, weil Sie sich schon selbst eines gegeben haben.
09.02.2025	09:00	#OnThisDay Von Jean Paul an Emanuel. Hof, 9. Februar 1795. Zum #Brief in der #JeanPaulEdition: https://www.jeanpaul-edition.de/brief.html?num=II_64 #JeanPaulToday	https://github.com/FrederikeNeuber/jeanpaultoday/blob/main/mastodon_2024/flashcards/II_64.png	Bild mit nachgeahmtem Post von Jean Paul im Mastodon-Stil, auf dem der Brieftext lautet: Mein lieber Emanuel, Man solte einem Autor für nichts mehr danken als für Briefe, so wie für nichts weniger als für Bücher: denn da ihn diese ausschöpfen und da sie ohnehin nichts sind als Briefe in dickerem Format, so mag er keine von kleinerem liefern. Der Mensch...
10.02.2025	09:00	#OnThisDay Von Jean Paul an Emanuel. Bayreuth, 10. Februar 1805. Zum #Brief in der #JeanPaulEdition: https://www.jeanpaul-edition.de/brief.html?num=V_62 #JeanPaulToday	https://github.com/FrederikeNeuber/jeanpaultoday/blob/main/mastodon_2024/flashcards/V_62.png	Bild mit nachgeahmtem Post von Jean Paul im Mastodon-Stil, auf dem der Brieftext lautet: Ihr Brief [an Thieriot] ist Ihr schönster und bis zur Rührung schön; Sie verdienten, ihn lieber — bekommen zu haben. DasKommen weiß ich noch nicht ganz gewiß.
11.02.2025	09:00	#OnThisDay Von Jean Paul an Emanuel Osmund. Bayreuth, 11. Februar 1822. Zum #Brief in der #JeanPaulEdition: https://www.jeanpaul-edition.de/brief.html?num=VIII_246 #JeanPaulToday	https://github.com/FrederikeNeuber/jeanpaultoday/blob/main/mastodon_2024/flashcards/VIII_246.png	Bild mit nachgeahmtem Post von Jean Paul im Mastodon-Stil, auf dem der Brieftext lautet: Guten Morgen, mein Emanuel! Das Conversazionblatt — wofür ich recht danke — brachte mich am Sonnabend um eine vorgenommene Konversazion mit Ihnen, die ich mir heute wieder vornehmen will. — Über O[tto]’s Aufsätze urtheilen wir gerade umgekehrt; der über die Sparsam...
12.02.2025	09:00	#OnThisDay Von Jean Paul an Dorothea Elisabeth Feind. Weimar, 12. Februar 1799. Zum #Brief in der #JeanPaulEdition: https://www.jeanpaul-edition.de/brief.html?num=III_208 #JeanPaulToday	https://github.com/FrederikeNeuber/jeanpaultoday/blob/main/mastodon_2024/flashcards/III_208.png	Bild mit nachgeahmtem Post von Jean Paul im Mastodon-Stil, auf dem der Brieftext lautet: Eine gegenseitige Verrechnung hat uns leider, Madam, geschieden; aber ich hoffe nur merkantilisch — Sogar merkantilisch nicht auf immer; da ich Ihnen, sobald ich Zeit einmal zum Machen erobere, wenigstens ein Büchelgen (stat eines Buchs) auf Ihre vorigen B...
13.02.2025	09:00	#OnThisDay Von Jean Paul an Johann Adam Lorenz von Oerthel. Hof, 13. Februar 1785. Zum #Brief in der #JeanPaulEdition: https://www.jeanpaul-edition.de/brief.html?num=I_93 #JeanPaulToday	https://github.com/FrederikeNeuber/jeanpaultoday/blob/main/mastodon_2024/flashcards/I_93.png	Bild mit nachgeahmtem Post von Jean Paul im Mastodon-Stil, auf dem der Brieftext lautet: Mein Örthel, Ich habe dir wenig zu schreiben, aber ich wolte den Brief an die Weinertin nicht ganz ohne Begleitung lassen. Dieser Brief enthält die Nachlese von den vorhergehenden. Dein H. Vater sagte mir neulich, daß er dich auch auf Erlang noch lasse...
14.02.2025	09:00	#OnThisDay Von Jean Paul an Wilhelmine von Kropff. Hof, 14. Februar 1797. Zum #Brief in der #JeanPaulEdition: https://www.jeanpaul-edition.de/brief.html?num=II_532 #JeanPaulToday	https://github.com/FrederikeNeuber/jeanpaultoday/blob/main/mastodon_2024/flashcards/II_532.png	Bild mit nachgeahmtem Post von Jean Paul im Mastodon-Stil, auf dem der Brieftext lautet: Brief, der so niedlich und schön wie ein Fächer gemacht ist und den Sie auch wie einen Fächer gebrauchen, (nämlich zum Schlagen des armen J. P.)
15.02.2025	09:00	#OnThisDay Von Jean Paul an Emanuel Osmund. Bayreuth, 15. Februar 1817. Zum #Brief in der #JeanPaulEdition: https://www.jeanpaul-edition.de/brief.html?num=VII_259 #JeanPaulToday	https://github.com/FrederikeNeuber/jeanpaultoday/blob/main/mastodon_2024/flashcards/VII_259.png	Bild mit nachgeahmtem Post von Jean Paul im Mastodon-Stil, auf dem der Brieftext lautet: Guten Morgen, mein guter Emanuel! Schicke[n] Sie mir doch meinen Geburttagwunsch für den Primas. Er traf auf eine höhere Weise ein; denn zwei Tage darauf ist Er verschieden. Wär’ er blos mein Wolthäter gewesen, ich verschmerzte seinen Verlust leichter; aber ich hab...
16.02.2025	09:00	#OnThisDay Von Jean Paul an Christian Otto. Hof, 16. Februar 1797. Zum #Brief in der #JeanPaulEdition: https://www.jeanpaul-edition.de/brief.html?num=II_536 #JeanPaulToday	https://github.com/FrederikeNeuber/jeanpaultoday/blob/main/mastodon_2024/flashcards/II_536.png	Bild mit nachgeahmtem Post von Jean Paul im Mastodon-Stil, auf dem der Brieftext lautet: Hast du etwan an meinen Selbiz[er]maitre d’hotel etwas zu schicken? Die Botenfrau ist da.
17.02.2025	09:00	#OnThisDay Von Jean Paul an Paul Emile Thieriot. Leipzig, 17. Februar 1798. Zum #Brief in der #JeanPaulEdition: https://www.jeanpaul-edition.de/brief.html?num=III_54 #JeanPaulToday	https://github.com/FrederikeNeuber/jeanpaultoday/blob/main/mastodon_2024/flashcards/III_54.png	Bild mit nachgeahmtem Post von Jean Paul im Mastodon-Stil, auf dem der Brieftext lautet: Mein guter Paul! Ich komme zwar, aber um 1 Stunde später. Ich konte der Berlepsch wenigstens den kleinen Sektor aus dem heutigen Abend, von 6—7 Uhr nicht versagen, wo sie mit mir zu einer Gräfin Münster gehen wil, die morgen wieder fortreiset. Bringen Sie in de...
18.02.2025	09:00	#OnThisDay Von Jean Paul an Caroline Richter. Bayreuth, 18. Februar 1809. Zum #Brief in der #JeanPaulEdition: https://www.jeanpaul-edition.de/brief.html?num=VI_34 #JeanPaulToday	https://github.com/FrederikeNeuber/jeanpaultoday/blob/main/mastodon_2024/flashcards/VI_34.png	Bild mit nachgeahmtem Post von Jean Paul im Mastodon-Stil, auf dem der Brieftext lautet: Nur unter 2 Bedingungen; die erste, daß du nicht tanzest, nicht einmal herumgehst — die zweite, daß ich den Gulden bezahle. Die zu Hause bleibenden Kinder befriedigst du durch Schokolade, anstatt durch Befehl? Ich gehe schwerlich hin, aus Stiefel- und Zeitmangel.
19.02.2025	09:00	#OnThisDay Von Jean Paul an Amöne Herold. Leipzig, 19. Februar 1798 bis 21. Februar 1798. Zum #Brief in der #JeanPaulEdition: https://www.jeanpaul-edition.de/brief.html?num=III_55 #JeanPaulToday	https://github.com/FrederikeNeuber/jeanpaultoday/blob/main/mastodon_2024/flashcards/III_55.png	Bild mit nachgeahmtem Post von Jean Paul im Mastodon-Stil, auf dem der Brieftext lautet: Endlich, Geliebte, kan ich Sie wieder anreden. Ich war neulich mit der Berlepsch in Belgershain einige Tage; und heute kam Oertel mit seiner Frau — zum erstenmale seit meiner hiesigen Existenz — herein. Beide haben einen warmen Sonnenschein des Glüks um und in sich, wi...
20.02.2025	09:00	#OnThisDay Von Jean Paul an Friedrich Benedikt von Oertel. Hof, 20. Februar 1796. Zum #Brief in der #JeanPaulEdition: https://www.jeanpaul-edition.de/brief.html?num=II_242 #JeanPaulToday	https://github.com/FrederikeNeuber/jeanpaultoday/blob/main/mastodon_2024/flashcards/II_242.png	Bild mit nachgeahmtem Post von Jean Paul im Mastodon-Stil, auf dem der Brieftext lautet: In Ihr optisches Eden für unsern Lafayette — diesen Epaminondas, der das Feuer des Muths mit dem stillen Licht der besonnenen Tugend vereinigt — flog Ihnen gern meine Seele nach und gieng von Blume zu Blume darin, indes die unsichtbare Musik stat d[es]...
21.02.2025	09:00	#OnThisDay Von Jean Paul an Johann Georg Herold. Hof, 21. Februar 1796. Zum #Brief in der #JeanPaulEdition: https://www.jeanpaul-edition.de/brief.html?num=II_243 #JeanPaulToday	https://github.com/FrederikeNeuber/jeanpaultoday/blob/main/mastodon_2024/flashcards/II_243.png	Bild mit nachgeahmtem Post von Jean Paul im Mastodon-Stil, auf dem der Brieftext lautet: Rezensent der Dlle Helene zeigt dem Publikum d. h. Ihnen mit Vergnügen an, daß sie wieder die 7 Feuerproben des Fleisses auf die schönste Weise bestanden hat. Hof. d.21 Febr. 1796[Sonntag]. Richter
22.02.2025	09:00	#OnThisDay Von Jean Paul an Heinrich Voß. Bayreuth, 22. Februar 1820. Zum #Brief in der #JeanPaulEdition: https://www.jeanpaul-edition.de/brief.html?num=VIII_20 #JeanPaulToday	https://github.com/FrederikeNeuber/jeanpaultoday/blob/main/mastodon_2024/flashcards/VIII_20.png	Bild mit nachgeahmtem Post von Jean Paul im Mastodon-Stil, auf dem der Brieftext lautet: Mein Heinrich! Der wirst du mir doch bleiben, trotz meiner langen stummen Sünde. Nicht Arbeiten — denn dieß geht im Winter matt bei mir — sondern umgekehrt mehr der Mangel an Feuer, wie an Zeit und langen Tagen sind schuld; auch das Schreiben an Max und das viele an ...
23.02.2025	09:00	#OnThisDay Von Jean Paul an Emanuel. Bayreuth, 23. Februar 1805. Zum #Brief in der #JeanPaulEdition: https://www.jeanpaul-edition.de/brief.html?num=V_68 #JeanPaulToday	https://github.com/FrederikeNeuber/jeanpaultoday/blob/main/mastodon_2024/flashcards/V_68.png	Bild mit nachgeahmtem Post von Jean Paul im Mastodon-Stil, auf dem der Brieftext lautet: Guten Morgen, Liebender! Sie war froh genug da und tanzte zweimal. Ich selber bin auf Bällen nichts als ein Steiß oder ein Paar Fußsohlen, um zum Tanze zu sitzen und zu stehen. — Heute bring’ ich Ihnen die Bittschrift an den König, damit sie auf die königliche Post...
24.02.2025	09:00	#OnThisDay Von Jean Paul an Georg Joachim Göschen. Bayreuth, 24. Februar 1806. Zum #Brief in der #JeanPaulEdition: https://www.jeanpaul-edition.de/brief.html?num=V_197 #JeanPaulToday	https://github.com/FrederikeNeuber/jeanpaultoday/blob/main/mastodon_2024/flashcards/V_197.png	Bild mit nachgeahmtem Post von Jean Paul im Mastodon-Stil, auf dem der Brieftext lautet: Presse der Presse = Zensur — jed. [Band] 20 Druckbogen — wie Thümmels Reise oder Frauenjournal — sechs Louisd. bei Auflage von 2200 — ⅓ Drittel [!] zu Johannis, wo ich das Mspt abliefere.
25.02.2025	09:00	#OnThisDay Von Jean Paul an Christian Otto. Schwarzenbach a. d. Saale, 25. Februar 1792 bis 26. Februar 1792. Zum #Brief in der #JeanPaulEdition: https://www.jeanpaul-edition.de/brief.html?num=I_383 #JeanPaulToday	https://github.com/FrederikeNeuber/jeanpaultoday/blob/main/mastodon_2024/flashcards/I_383.png	Bild mit nachgeahmtem Post von Jean Paul im Mastodon-Stil, auf dem der Brieftext lautet: Lieber Otto! Endlich ist nach einem Jahr die konvulsivische Geburtszeit meines Romans vorüber. Ich wolt dir tausend Dinge sagen; folglich kan ich gar keines. — Wo fang’ ich an? — In der künftigen Woche, wo ich nichts zu thun habe, wil ich über meinen und alle ...
26.02.2025	09:00	#OnThisDay Von Jean Paul an Christian Otto. Hof, 26. Februar 1795. Zum #Brief in der #JeanPaulEdition: https://www.jeanpaul-edition.de/brief.html?num=II_68 #JeanPaulToday	https://github.com/FrederikeNeuber/jeanpaultoday/blob/main/mastodon_2024/flashcards/II_68.png	Bild mit nachgeahmtem Post von Jean Paul im Mastodon-Stil, auf dem der Brieftext lautet: Gestern machte ein ordentlicher tüchtiger 6 Wochen auswärts gewesener Kopfschmerzen, daß ich mein Wort nicht hielt; ich wolt’ aber, ich hätt’ es vorgestern auch gebrochen. Ich erinnere mich dunkel, wie dunkel, hingeworfen, unbestimt und (der Eile wegen) grel a...
27.02.2025	09:00	#OnThisDay Von Jean Paul an Adolf Heinrich Friedrich (ab 1808) von Schlichtegroll. Leipzig, 27. Februar 1798. Zum #Brief in der #JeanPaulEdition: https://www.jeanpaul-edition.de/brief.html?num=III_65 #JeanPaulToday	https://github.com/FrederikeNeuber/jeanpaultoday/blob/main/mastodon_2024/flashcards/III_65.png	Bild mit nachgeahmtem Post von Jean Paul im Mastodon-Stil, auf dem der Brieftext lautet: daß ich wohl einen Ernst aber keinen Humor kenne, der für alle passet. Mein Titan braucht noch viele Milch und viele Laufbänder, eh er ins Publikum gehen darf.
28.02.2025	09:00	#OnThisDay Von Jean Paul an Christian Otto. Hof, 28. Februar 1797. Zum #Brief in der #JeanPaulEdition: https://www.jeanpaul-edition.de/brief.html?num=II_545 #JeanPaulToday	https://github.com/FrederikeNeuber/jeanpaultoday/blob/main/mastodon_2024/flashcards/II_545.png	Bild mit nachgeahmtem Post von Jean Paul im Mastodon-Stil, auf dem der Brieftext lautet: Ich hätte 1000 rtl. verwettet, ich bliebe zu Hause; da es aber sein sol: so geh’ ich zu dir und mit dir. Ich habe freilich kein Entreebillet.
29.02.2025	09:00	#OnThisDay Von Jean Paul an Karl Friedrich Heinrich Graf von der Goltz. Bayreuth, 29. Februar 1808. Zum #Brief in der #JeanPaulEdition: https://www.jeanpaul-edition.de/brief.html?num=V_488 #JeanPaulToday	https://github.com/FrederikeNeuber/jeanpaultoday/blob/main/mastodon_2024/flashcards/V_488.png	Bild mit nachgeahmtem Post von Jean Paul im Mastodon-Stil, auf dem der Brieftext lautet: Dießmal, H[err] G[raf], schreib’ ich spät, von Arbeiten und den Winter-Einflüssen umfangen. Aber Sie bekommen mehr als Ersatz durch das beiliegende Briefchen wenn nicht an, doch für Sie. R[osalie] hatte schon ihr Bild mir zugesandt; aber theils di...
01.03.2025	09:00	#OnThisDay Von Jean Paul an Johann Karl Gottlieb Spazier. Meiningen, 1. März 1803. Zum #Brief in der #JeanPaulEdition: https://www.jeanpaul-edition.de/brief.html?num=IV_350 #JeanPaulToday	https://github.com/FrederikeNeuber/jeanpaultoday/blob/main/mastodon_2024/flashcards/IV_350.png	Bild mit nachgeahmtem Post von Jean Paul im Mastodon-Stil, auf dem der Brieftext lautet: Ein Theaterstük in klarem kritischem Scheidewasser zerlassen.
02.03.2025	09:00	#OnThisDay Von Jean Paul an Emanuel. Bayreuth, 2. März 1809. Zum #Brief in der #JeanPaulEdition: https://www.jeanpaul-edition.de/brief.html?num=VI_38 #JeanPaulToday	https://github.com/FrederikeNeuber/jeanpaultoday/blob/main/mastodon_2024/flashcards/VI_38.png	Bild mit nachgeahmtem Post von Jean Paul im Mastodon-Stil, auf dem der Brieftext lautet: Rechten Dank, Emanuel, für Ihr Noten-Desert! Wie Tugend im Himmel nur durch Tugend belohnt wird, so belohnen Sie Noten mit Noten. — Für den Misverstand des „es“ kann kein Autor; und doch ärgert mich die Möglichkeit. Ich verlasse mich bei solchen Unglücksfällen auf ...
03.03.2025	09:00	#OnThisDay Von Jean Paul an Georg Andreas Gabler. Bayreuth, 3. März 1821. Zum #Brief in der #JeanPaulEdition: https://www.jeanpaul-edition.de/brief.html?num=VIII_153 #JeanPaulToday	https://github.com/FrederikeNeuber/jeanpaultoday/blob/main/mastodon_2024/flashcards/VIII_153.png	Bild mit nachgeahmtem Post von Jean Paul im Mastodon-Stil, auf dem der Brieftext lautet: Hier send’ ich Ihnen, höchstgeschätzter H. Professor, den endlich vom Buchbinder zurückgelieferten Kometen, den Sie zu lesen gewünscht. — Darf ich Sie um Hegels Phänomenologie bitten, nur auf einige Tage zum Durchblättern; denn ich muß ohnehin alle Werke desse...
04.03.2025	09:00	#OnThisDay Von Jean Paul an Henriette Voigt. Hof, 4. März 1796. Zum #Brief in der #JeanPaulEdition: https://www.jeanpaul-edition.de/brief.html?num=II_257 #JeanPaulToday	https://github.com/FrederikeNeuber/jeanpaultoday/blob/main/mastodon_2024/flashcards/II_257.png	Bild mit nachgeahmtem Post von Jean Paul im Mastodon-Stil, auf dem der Brieftext lautet: Ach das weibliche Geschlecht hat gegen den langen Schmerz seines Lebens den schmerzstillenden Schlaftrunk der Dichtkunst so vonnöthen! Indes wenigstens durch die mänliche Jugend ein beständiger frischer Morgenwind zieht: so ermattet schon die weibliche unter schwü...
05.03.2025	09:00	#OnThisDay Von Jean Paul an Johannes Perthes. Coburg, 5. März 1804. Zum #Brief in der #JeanPaulEdition: https://www.jeanpaul-edition.de/brief.html?num=IV_450 #JeanPaulToday	https://github.com/FrederikeNeuber/jeanpaultoday/blob/main/mastodon_2024/flashcards/IV_450.png	Bild mit nachgeahmtem Post von Jean Paul im Mastodon-Stil, auf dem der Brieftext lautet: — daß Jakobi wie Moos gerade im Winter blüht oder wie ein südliches Gewächs, das sogar unter der harten Polar Wolke seine schönere Sonne nicht verläugnet. Er sol nicht eilig schreiben, sondern eiligst. — Ich grüsse Ihre Ihrigen.
06.03.2025	09:00	#OnThisDay Von Jean Paul an Erhard Friedrich Vogel. Hof, 6. März 1786. Zum #Brief in der #JeanPaulEdition: https://www.jeanpaul-edition.de/brief.html?num=I_153 #JeanPaulToday	https://github.com/FrederikeNeuber/jeanpaultoday/blob/main/mastodon_2024/flashcards/I_153.png	Bild mit nachgeahmtem Post von Jean Paul im Mastodon-Stil, auf dem der Brieftext lautet: Leben Sie so wol als Sie schreiben. — Der Pf[arrer] Gehring, der bisher ein prosaischer Nar gewesen, ist auf Anstiften des Satans ein poetischer geworden und lies auf seine Kosten — seines Beutels sowol als seiner Ehre — etc. Er dachte bei der ganzen Sache g...
07.03.2025	09:00	#OnThisDay Von Jean Paul an Carl Friedrich Kunz. Bayreuth, 7. März 1814. Zum #Brief in der #JeanPaulEdition: https://www.jeanpaul-edition.de/brief.html?num=VI_839 #JeanPaulToday	https://github.com/FrederikeNeuber/jeanpaultoday/blob/main/mastodon_2024/flashcards/VI_839.png	Bild mit nachgeahmtem Post von Jean Paul im Mastodon-Stil, auf dem der Brieftext lautet: Mein Freund Georgius ist mein ältester, ein 30 jähriger, seinem Charakter von gediegener Ehre und reinster Uneigennützigkeit ist schlechterdings eine eigennützige Unredlichkeit unmöglich. Er klärte mir alles auf — aber ja auch vorher Ihnen. Kaum Ein Bogen blieb...
08.03.2025	09:00	#OnThisDay Von Jean Paul an Renate Otto. Hof, 8. März 1796. Zum #Brief in der #JeanPaulEdition: https://www.jeanpaul-edition.de/brief.html?num=II_259 #JeanPaulToday	https://github.com/FrederikeNeuber/jeanpaultoday/blob/main/mastodon_2024/flashcards/II_259.png	Bild mit nachgeahmtem Post von Jean Paul im Mastodon-Stil, auf dem der Brieftext lautet: Gute Renata! Wenn Sie dieses Buch und dieses Blat morgen in die Hände nehmen: so werden Sie schon alles errathen, was meine Seele der Ihrigen zu sagen hat. Aber stat meiner sag’ Ihnen Ihr Christoph, wenn er Sie unter der Morgenröthe Ihres aufgehenden Jahres in die Arm...
09.03.2025	09:00	#OnThisDay Von Jean Paul an Renate Wirth. Hof, 9. März 1794. Zum #Brief in der #JeanPaulEdition: https://www.jeanpaul-edition.de/brief.html?num=II_4 #JeanPaulToday	https://github.com/FrederikeNeuber/jeanpaultoday/blob/main/mastodon_2024/flashcards/II_4.png	Bild mit nachgeahmtem Post von Jean Paul im Mastodon-Stil, auf dem der Brieftext lautet: Blos um mich bei mir selber zu entschuldigen, — weil ich innerlich Ihre Kälte einer bessern Ursache zuschrieb als der Laune —, büss’ ich eine voreilige Sekunde mit einer langweiligen Kopier-Viertelstunde. Nie ist die Kälte schneidender als bei eigner Wärme. Wie gros d...
10.03.2025	09:00	#OnThisDay Von Jean Paul an Emanuel. Bayreuth, 10. März 1807. Zum #Brief in der #JeanPaulEdition: https://www.jeanpaul-edition.de/brief.html?num=V_330 #JeanPaulToday	https://github.com/FrederikeNeuber/jeanpaultoday/blob/main/mastodon_2024/flashcards/V_330.png	Bild mit nachgeahmtem Post von Jean Paul im Mastodon-Stil, auf dem der Brieftext lautet: Guten Morgen! Sie könnten mich ordentlich begierig nach Lob machen, so gut ist Ihres. Meinem fehlet es oft an Muth und ich halte andere für verschämter als diese mich. Kann ich denn gar nicht roth werden? Ihre Seeligkeit über Ihre neue Heils- und Lebensordnung denk...
11.03.2025	09:00	#OnThisDay Von Jean Paul an Christian Otto. Hof, 11. März 1795. Zum #Brief in der #JeanPaulEdition: https://www.jeanpaul-edition.de/brief.html?num=II_71 #JeanPaulToday	https://github.com/FrederikeNeuber/jeanpaultoday/blob/main/mastodon_2024/flashcards/II_71.png	Bild mit nachgeahmtem Post von Jean Paul im Mastodon-Stil, auf dem der Brieftext lautet: Eben hat mir der Buchhändler mein Buch bis zur Hälfte abgedrukt zur Korrektur geschikt — und noch 50 preuss. rtl. in 50 Stücken. Die Hälfte von 100 rtl. hatt ich verlangt ohne zu wissen auf was für rtl. ausgehandelt war. Jezt kan ich doch meinen Reise-Apparat ...
12.03.2025	09:00	#OnThisDay Von Jean Paul an Emanuel. Bayreuth, 12. März 1809. Zum #Brief in der #JeanPaulEdition: https://www.jeanpaul-edition.de/brief.html?num=VI_43 #JeanPaulToday	https://github.com/FrederikeNeuber/jeanpaultoday/blob/main/mastodon_2024/flashcards/VI_43.png	Bild mit nachgeahmtem Post von Jean Paul im Mastodon-Stil, auf dem der Brieftext lautet: Guter! Eben schick’ ich „die Dämmerungen für Deutschland von J P“ zu Otto. — Niemand klagt weniger als ich, aber aus Spaß wol. Können Sie mir den Jason verschaffen?
13.03.2025	09:00	#OnThisDay Von Jean Paul an Christian Otto. Bayreuth, 13. März 1814. Zum #Brief in der #JeanPaulEdition: https://www.jeanpaul-edition.de/brief.html?num=VI_845 #JeanPaulToday	https://github.com/FrederikeNeuber/jeanpaultoday/blob/main/mastodon_2024/flashcards/VI_845.png	Bild mit nachgeahmtem Post von Jean Paul im Mastodon-Stil, auf dem der Brieftext lautet: Guten Morgen, Alter! Ich schrieb doch an Steiß (so will ich ihn der Euphemie und Euphonie wegen nennen). Ich muß erst ein rechtes Nein haben, eh ich weiter gehe; auch bin ich Steißen Antwort schuldig. Der Gouverneur will mir als österreichischer Militär nicht ...
14.03.2025	09:00	#OnThisDay Von Jean Paul an Emanuel. Bayreuth, 14. März 1808. Zum #Brief in der #JeanPaulEdition: https://www.jeanpaul-edition.de/brief.html?num=V_498 #JeanPaulToday	https://github.com/FrederikeNeuber/jeanpaultoday/blob/main/mastodon_2024/flashcards/V_498.png	Bild mit nachgeahmtem Post von Jean Paul im Mastodon-Stil, auf dem der Brieftext lautet: Einen so guten Morgen als der Abend war, Lieber! Hier 2 Briefchen und Hefte. — Am Ende geb’ ich aus Ihren Briefen und Worten den Talmud-Auszug. Der schöne Himmel löscht manche Vergangenheit jetzt aus.
15.03.2025	09:00	#OnThisDay Von Jean Paul an Herausgeber der (Berlinischen) Monatsschrift. Hof, 15. März 1786. Zum #Brief in der #JeanPaulEdition: https://www.jeanpaul-edition.de/brief.html?num=I_157 #JeanPaulToday	https://github.com/FrederikeNeuber/jeanpaultoday/blob/main/mastodon_2024/flashcards/I_157.png	Bild mit nachgeahmtem Post von Jean Paul im Mastodon-Stil, auf dem der Brieftext lautet: Meine gröste Bitte wäre etc. Da ich arm bin: so hab’ ich noch eine Bitte; die ist aber klein.
16.03.2025	09:00	#OnThisDay Von Jean Paul an Carl August Matzdorff. Hof, 16. März 1795. Zum #Brief in der #JeanPaulEdition: https://www.jeanpaul-edition.de/brief.html?num=II_76 #JeanPaulToday	https://github.com/FrederikeNeuber/jeanpaultoday/blob/main/mastodon_2024/flashcards/II_76.png	Bild mit nachgeahmtem Post von Jean Paul im Mastodon-Stil, auf dem der Brieftext lautet: Alles was Ihren Brief begleitet konte mich nicht so sehr überraschen als das was er enthält. Sie konten nie ein schöneres Bild von Ihrem Innern aus Ihrem Briefe wie aus einem Spiegel über so viele Poststazionen hinweg zu mir herauswerfen als ich jezt mit Freu...
17.03.2025	09:00	#OnThisDay Von Jean Paul an Emil Herder. Bayreuth, 17. März 1823. Zum #Brief in der #JeanPaulEdition: https://www.jeanpaul-edition.de/brief.html?num=VIII_363 #JeanPaulToday	https://github.com/FrederikeNeuber/jeanpaultoday/blob/main/mastodon_2024/flashcards/VIII_363.png	Bild mit nachgeahmtem Post von Jean Paul im Mastodon-Stil, auf dem der Brieftext lautet: Mein guter, guter Herder! Längst hätten Sie Ihren Wieland zurück, da ich nur die Anmerkungen, nicht die Übersetzung zu lesen brauchte, wenn nicht meine umfallende Oellampe ihn noch durchsichtiger und heller als er schon ist und gleichsam auch zum physisc...
18.03.2025	09:00	#OnThisDay Von Jean Paul an Christian Otto. Hof, 18. März 96. Zum #Brief in der #JeanPaulEdition: https://www.jeanpaul-edition.de/brief.html?num=II_264 #JeanPaulToday	https://github.com/FrederikeNeuber/jeanpaultoday/blob/main/mastodon_2024/flashcards/II_264.png	Bild mit nachgeahmtem Post von Jean Paul im Mastodon-Stil, auf dem der Brieftext lautet: Mich sezen die Herold[ischen] in Höllenangst, indem sie drohen, daß der Schneider die Hosen — die er angenommen — als auswärtige Kontrebande an die Handwerkslade liefern könte, so daß mir die gesamte Gewerkschaft die sequestrierten Hosen abzöge? Sol ich denn i...
19.03.2025	09:00	#OnThisDay Von Jean Paul an Josephine von Welden. Bayreuth, 19. März 1825. Zum #Brief in der #JeanPaulEdition: https://www.jeanpaul-edition.de/brief.html?num=VIII_477 #JeanPaulToday	https://github.com/FrederikeNeuber/jeanpaultoday/blob/main/mastodon_2024/flashcards/VIII_477.png	Bild mit nachgeahmtem Post von Jean Paul im Mastodon-Stil, auf dem der Brieftext lautet: Meine alten, nie veraltenden Wünsche für Sie bring’ ich wieder. Ihrer liebenden Seele wird jeder aufrichtige Wunsch immer ein erfüllter sein; denn die Gabe, die er bringt, ist die Liebe, die ihn gebar. — An festlichen Lebens Abschnitten sollte der Mensch in di...
20.03.2025	09:00	#OnThisDay Von Jean Paul an Johann Georg Heine. Bayreuth, 20. März 1822. Zum #Brief in der #JeanPaulEdition: https://www.jeanpaul-edition.de/brief.html?num=VIII_263 #JeanPaulToday	https://github.com/FrederikeNeuber/jeanpaultoday/blob/main/mastodon_2024/flashcards/VIII_263.png	Bild mit nachgeahmtem Post von Jean Paul im Mastodon-Stil, auf dem der Brieftext lautet: .. Da Sie Prinzessinnen so gesund entlassen haben als wären es geborne Bürgerliche: so wird es Ihnen mit Bürgerlichen noch leichter glücken — Ihnen, Heiland der Jugendwelt, vertrau’ ich meinen halben Himmel (da ich nur noch 2 Kinder habe) obwol mit dem schmerzli...
21.03.2025	09:00	#OnThisDay Von Jean Paul an Friedrich Schlegel. Bayreuth, 21. März 1812 bis 25. März 1812. Zum #Brief in der #JeanPaulEdition: https://www.jeanpaul-edition.de/brief.html?num=VI_629 #JeanPaulToday	https://github.com/FrederikeNeuber/jeanpaultoday/blob/main/mastodon_2024/flashcards/VI_629.png	Bild mit nachgeahmtem Post von Jean Paul im Mastodon-Stil, auf dem der Brieftext lautet: Ihre werthe Zuschrift erfreuete mich mit der Erinnerung an reichere wissenschaftliche Verhältnisse als ich jetzt genieße. Ihr Zweck und Plan und dessen Ausführen gefiel mir sehr in den mir zugeschickten 2 ersten Monatheften, wofür ich Ihnen danke. Arbeiten Sie ...
22.03.2025	09:00	#OnThisDay Von Jean Paul an Johann Friedrich Vieweg. Bayreuth, 22. März 1806. Zum #Brief in der #JeanPaulEdition: https://www.jeanpaul-edition.de/brief.html?num=V_206 #JeanPaulToday	https://github.com/FrederikeNeuber/jeanpaultoday/blob/main/mastodon_2024/flashcards/V_206.png	Bild mit nachgeahmtem Post von Jean Paul im Mastodon-Stil, auf dem der Brieftext lautet: Ich biete Ihrer berühmten Buchhandlung mein neuestes Werk „Levana oder Erziehungslehre von Jean Paul“ für die künftige M[ichaelis] M[esse] 1806 an unter folgenden Bedingungen 1. Das Werk erscheint auf einmal, vollendet, in 2 Bändchen, jedes zu 20 Druckbogen...
23.03.2025	09:00	#OnThisDay Von Jean Paul an Christian Otto. Hof, 23. März 1795. Zum #Brief in der #JeanPaulEdition: https://www.jeanpaul-edition.de/brief.html?num=II_82 #JeanPaulToday	https://github.com/FrederikeNeuber/jeanpaultoday/blob/main/mastodon_2024/flashcards/II_82.png	Bild mit nachgeahmtem Post von Jean Paul im Mastodon-Stil, auf dem der Brieftext lautet: Was ich jezt schreibe, lieber O., ist halb eine Bitte halb eine Frage. Ich werde dir heute abends das gestrige Verbal-Boxen drunten, erzählen. Drunten hängen einem nichts als Schwerter über den Kopf und auf Degenspizen geht man — aber alle diese Spizen, (vom w...
24.03.2025	09:00	#OnThisDay Von Jean Paul an Christian Adam von Oerthel. Schwarzenbach a. d. Saale, 24. März 1790. Zum #Brief in der #JeanPaulEdition: https://www.jeanpaul-edition.de/brief.html?num=I_313 #JeanPaulToday	https://github.com/FrederikeNeuber/jeanpaultoday/blob/main/mastodon_2024/flashcards/I_313.png	Bild mit nachgeahmtem Post von Jean Paul im Mastodon-Stil, auf dem der Brieftext lautet: Ich sah, daß ich Recht hatte und 100 andre Unrecht, die Ihr gutes Herz nicht so nahe gekant als ich... elende Denkungsart, wenn man ieder verläumdenden oder erzählenden Zunge die Liebe aufopfert, die sich auf den Umgang und die Kentnis mehrerer Jahre grün...
25.03.2025	09:00	#OnThisDay Von Jean Paul an August Ludwig von Spangenberg. Töpen bei Hof, 25. März 1789. Zum #Brief in der #JeanPaulEdition: https://www.jeanpaul-edition.de/brief.html?num=I_250 #JeanPaulToday	https://github.com/FrederikeNeuber/jeanpaultoday/blob/main/mastodon_2024/flashcards/I_250.png	Bild mit nachgeahmtem Post von Jean Paul im Mastodon-Stil, auf dem der Brieftext lautet: Dieser Titel (schäzbarster Freund) wäre [mir?] lieber als Ihr adelicher. — den Roman von Venzka nach Töpen schikken: ich werde die entgegengesezte Reise machen, wenn Sie mir werden geschrieben haben, ob Ihre societés harmoniques das Herz haben, den Bus...
26.03.2025	09:00	#OnThisDay Von Jean Paul an Christoph Martin Wieland. Hof, 26. März 1786. Zum #Brief in der #JeanPaulEdition: https://www.jeanpaul-edition.de/brief.html?num=I_160 #JeanPaulToday	https://github.com/FrederikeNeuber/jeanpaultoday/blob/main/mastodon_2024/flashcards/I_160.png	Bild mit nachgeahmtem Post von Jean Paul im Mastodon-Stil, auf dem der Brieftext lautet: Lieber Merkur, Selten wird einer an dich sehr gut geschrieben haben, der nicht vorher den Comes Natalis vor sich hingeleget; aus dem schöpft man den ganzen Brief an dich, der aus lauter Anspielungen auf deine mythologische Biographie gewebet sein mus. Da m...
27.03.2025	09:00	#OnThisDay Von Jean Paul an Christian Otto. Meiningen, 27. März 1802 bis 30. März 1802. Zum #Brief in der #JeanPaulEdition: https://www.jeanpaul-edition.de/brief.html?num=IV_256 #JeanPaulToday	https://github.com/FrederikeNeuber/jeanpaultoday/blob/main/mastodon_2024/flashcards/IV_256.png	Bild mit nachgeahmtem Post von Jean Paul im Mastodon-Stil, auf dem der Brieftext lautet: Zum Glük, Lieber, brauch ich über die ganze Freuden-Gegenwart keine Sylbe zu sagen, da sie Emanuel sagt. Emanuel findet an allen Orten Freunde, entweder neue oder alte; so findet er auch hier Leute, für die er wieder Postgeld ausgeben wird. — Dein Name Christi...
28.03.2025	09:00	#OnThisDay Von Jean Paul an Emanuel Osmund. Bayreuth, 28. März 1818. Zum #Brief in der #JeanPaulEdition: https://www.jeanpaul-edition.de/brief.html?num=VII_392 #JeanPaulToday	https://github.com/FrederikeNeuber/jeanpaultoday/blob/main/mastodon_2024/flashcards/VII_392.png	Bild mit nachgeahmtem Post von Jean Paul im Mastodon-Stil, auf dem der Brieftext lautet: Guten Morgen, mein Emanuel! Hier blos das Ihrige, die Zeitung. — Ja ich bitte noch um ein Ihriges, um die 3 Theile des Siebenkäses, weil ich darin wegen der Druckfehler der neuen Ausgabe nachzusehen habe. Ist alles, was ich hier grüße, gesund? R.
30.03.2025	09:00	#OnThisDay Von Jean Paul an Johann Georg Jacob von Ahlefeldt. Meiningen, 30. März 1802. Zum #Brief in der #JeanPaulEdition: https://www.jeanpaul-edition.de/brief.html?num=IV_260 #JeanPaulToday	https://github.com/FrederikeNeuber/jeanpaultoday/blob/main/mastodon_2024/flashcards/IV_260.png	Bild mit nachgeahmtem Post von Jean Paul im Mastodon-Stil, auf dem der Brieftext lautet: Ich kan dir nichts schreiben als daß ich Matzdorf gefragt. — Dein Gewissen gab mir das heilige Wort. Die Ehre und die Freundschaft verbürgten sich dafür. Und ich hatte wieder geglaubt. — Lebe wohl. — Richter.
31.03.2025	09:00	#OnThisDay Von Jean Paul an Christian Otto. Hof, 31. März 1795. Zum #Brief in der #JeanPaulEdition: https://www.jeanpaul-edition.de/brief.html?num=II_85 #JeanPaulToday	https://github.com/FrederikeNeuber/jeanpaultoday/blob/main/mastodon_2024/flashcards/II_85.png	Bild mit nachgeahmtem Post von Jean Paul im Mastodon-Stil, auf dem der Brieftext lautet: Auf alle Fälle kömt heute eine Kleine her. Ich wolte abends zu dir; komme aber morgen. Bourget ist drunten. — Hier ist die Karschin mit einigen bezeichneten Liedern. Wenn du es sonst von deiner Zeit, oder Laune oder Geschwulst erlangen kanst: so thue mir den G...
01.04.2025	09:00	#OnThisDay Von Jean Paul an Joseph Max. Bayreuth, 1. April 1823. Zum #Brief in der #JeanPaulEdition: https://www.jeanpaul-edition.de/brief.html?num=VIII_367 #JeanPaulToday	https://github.com/FrederikeNeuber/jeanpaultoday/blob/main/mastodon_2024/flashcards/VIII_367.png	Bild mit nachgeahmtem Post von Jean Paul im Mastodon-Stil, auf dem der Brieftext lautet: Ohne Frage wird Ihr Katzenberger die typographische Preisschrift unter allen meinen Schriften; und die Schönheit des Papiers und Drucks wird mir durch Täuschung ordentlich zu einer des Stils. Belohne nur das Publikum Ihre Opfer! Ihr liebes, liebes Breslau liegt mir lei...
02.04.2025	09:00	#OnThisDay Von Jean Paul an Emanuel. Bayreuth, 2. April 1807. Zum #Brief in der #JeanPaulEdition: https://www.jeanpaul-edition.de/brief.html?num=V_337 #JeanPaulToday	https://github.com/FrederikeNeuber/jeanpaultoday/blob/main/mastodon_2024/flashcards/V_337.png	Bild mit nachgeahmtem Post von Jean Paul im Mastodon-Stil, auf dem der Brieftext lautet: Guten Morgen, wenn Sie ihn haben können, Mitleidender, bei den Schmerzen unserer Freundin! Jetzt in dieser Wolkenzeit hätte wol das Schicksal sie mit diesem Gewitterschlage verschonen mögen. Es schmerzt mich sehr.
03.04.2025	09:00	#OnThisDay Von Jean Paul an Emanuel Osmund. Bayreuth, 3. April 1817. Zum #Brief in der #JeanPaulEdition: https://www.jeanpaul-edition.de/brief.html?num=VII_270 #JeanPaulToday	https://github.com/FrederikeNeuber/jeanpaultoday/blob/main/mastodon_2024/flashcards/VII_270.png	Bild mit nachgeahmtem Post von Jean Paul im Mastodon-Stil, auf dem der Brieftext lautet: Guten Abend, mein Emanuel! Den Schmerz des sehr welteinsichtigen Bruders über Thieriot trag’ ich schon lange herum. Niemand kann ihm helfen als er selber. Inzwischen ist er doch glücklich. — Jetzo werd’ ich mich also nicht mehr vergeblich nach 8 Uhr nach Ihren Fens...
04.04.2025	09:00	#OnThisDay Von Jean Paul an Johann Georg Gottfried Doppelmaier. Leipzig, 4. April 1783. Zum #Brief in der #JeanPaulEdition: https://www.jeanpaul-edition.de/brief.html?num=I_36 #JeanPaulToday	https://github.com/FrederikeNeuber/jeanpaultoday/blob/main/mastodon_2024/flashcards/I_36.png	Bild mit nachgeahmtem Post von Jean Paul im Mastodon-Stil, auf dem der Brieftext lautet: Ihr Ruf mag die Zudringlichkeit entschuldigen, womit ein Unbekanter Ihre Freundschaft sucht. Die Rhetorik der Höflichkeit würde mir mit vielen Entschuldigungen aushelfen; allein ich verlange mer aufrichtig als höflich zu sein; und stat aller derer...
05.04.2025	09:00	#OnThisDay Von Jean Paul an Renate Otto. Bayreuth, 5. April 1806. Zum #Brief in der #JeanPaulEdition: https://www.jeanpaul-edition.de/brief.html?num=V_210 #JeanPaulToday	https://github.com/FrederikeNeuber/jeanpaultoday/blob/main/mastodon_2024/flashcards/V_210.png	Bild mit nachgeahmtem Post von Jean Paul im Mastodon-Stil, auf dem der Brieftext lautet: Sie haben mir die Magen-Ostern geschickt — Möge Ihnen eineFest- und Frühlingssonne scheinen!
06.04.2025	09:00	#OnThisDay Von Jean Paul an Emanuel. Meiningen, 6. April 1803. Zum #Brief in der #JeanPaulEdition: https://www.jeanpaul-edition.de/brief.html?num=IV_358 #JeanPaulToday	https://github.com/FrederikeNeuber/jeanpaultoday/blob/main/mastodon_2024/flashcards/IV_358.png	Bild mit nachgeahmtem Post von Jean Paul im Mastodon-Stil, auf dem der Brieftext lautet: Couvert. Ihre Briefe sind darum schwer zu beantworten, weil sie schwer zu finden, da sie zugleich an meine C. sich richten und mithin nicht alle von mir meines Orts an Ort und Stelle gebracht werden. Jezt wird nur eilig geschrieben, eine Avis-Fregatte für Thieriot ...
07.04.2025	09:00	#OnThisDay Von Jean Paul an Christian Otto. Hof, 7. April 1797. Zum #Brief in der #JeanPaulEdition: https://www.jeanpaul-edition.de/brief.html?num=II_581 #JeanPaulToday	https://github.com/FrederikeNeuber/jeanpaultoday/blob/main/mastodon_2024/flashcards/II_581.png	Bild mit nachgeahmtem Post von Jean Paul im Mastodon-Stil, auf dem der Brieftext lautet: Hier ist [die] alg[emeine] bibliothek. Rezension, die gerechter und unnüzer [ist] als ich dachte. Lies den Auszug aus Fichte.
08.04.2025	09:00	#OnThisDay Von Jean Paul an Christian Otto. Bayreuth, 8. April 1814. Zum #Brief in der #JeanPaulEdition: https://www.jeanpaul-edition.de/brief.html?num=VI_856 #JeanPaulToday	https://github.com/FrederikeNeuber/jeanpaultoday/blob/main/mastodon_2024/flashcards/VI_856.png	Bild mit nachgeahmtem Post von Jean Paul im Mastodon-Stil, auf dem der Brieftext lautet: Guten Morgen! Eben da ich das erste mal zum Arbeiten im Freien ausgehen will, bringt mir Emanuel die Nachricht, daß der rußische Kaiser und preußische König den 31 in Paris nach dem Siege über 3 Marschälle eingerückt. — Hier eine Weinprobe. Mit Vergnügen geb’ ...
09.04.2025	09:00	#OnThisDay Von Jean Paul an Emanuel Osmund. Bayreuth, 9. April 1815. Zum #Brief in der #JeanPaulEdition: https://www.jeanpaul-edition.de/brief.html?num=VII_47 #JeanPaulToday	https://github.com/FrederikeNeuber/jeanpaultoday/blob/main/mastodon_2024/flashcards/VII_47.png	Bild mit nachgeahmtem Post von Jean Paul im Mastodon-Stil, auf dem der Brieftext lautet: Guten Morgen, mein Emanuel! Nach Niethammers Brief hat also der Pfarrer Weiß erhalten, und was? — Könnt ich nicht in diesem Blütenwetter auch etwas erhalten, nämlich einen Sitz in Ihrem Wagen um 3 Uhr für Eremitage? — Wie geht es Ihnen unter diesem hellen Himmel un...
10.04.2025	09:00	#OnThisDay Von Jean Paul an Johann Ernst Wagner. Bayreuth, 10. April 1805. Zum #Brief in der #JeanPaulEdition: https://www.jeanpaul-edition.de/brief.html?num=V_95 #JeanPaulToday	https://github.com/FrederikeNeuber/jeanpaultoday/blob/main/mastodon_2024/flashcards/V_95.png	Bild mit nachgeahmtem Post von Jean Paul im Mastodon-Stil, auf dem der Brieftext lautet: P. S. Gestern schrieb ich an Heim meinen Gruß an Sie. Heute bekomm’ ich Ihr Blatt, das mir als ein grünes die nächste Frucht aus Leipzig verspricht. Mit dieser werd’ ich Ihnen dann den Brief zu diesem Postskript nachsenden.R.
